ID,Area,Proportion,Type,missing_proportion
1234,London,13.6,a,86.4
4243,Manchester,11.0,b,89.0
7754,Exeter,29.8,a,70.2
3564,Yorkshire,71.2,a,28.799999999999997
3434,1,56.4,c,43.6
34350,Durham,90.8,b,9.200000000000003
